[{"0":"","1":"Insurance premium","2":"\u20b91"},{"0":"","1":"Total","2":"\u20b938"},{"0":"","1":"Payable","2":""},{"0":"","1":"*Access Fee is charged for availing the Ola","2":""},{"0":"","1":"platform","2":""},{"0":"Vikas","1":"","2":""},{"0":"","1":"We've fulfilled our promise to take you to","2":""},{"0":"Rokade","1":"","2":""},{"0":"","1":"","2":"destination for pre-agreed Total Fare. Modifying"},{"0":"","1":"the drop\/route can change this fare.","2":""},{"0":"","1":"","2":"Have queries or complaints? Get support."},{"0":"Auto","1":"","2":""}]