[{"0":"Sender\nGEORGIAN ENTERPRISES\nPRIVATE LIMITED\n1160, Ground Floor, Vaishnav","1":"","2":"Invoice Code:\nGEC18191012341\nGEC18191012341","3":"","4":"","5":"","6":"","7":"","8":"Invoice Date\n31-Dec-2018","9":"","10":"","11":""},{"0":"Sector 2\nBangalore - 560102\nKarnataka (29) ,India\nPh No: +917406660066\nGSTIN:29AAGCG7857C1ZB","1":"Mansion, ,23rd Main, HSR Layout,","2":"Order No: 31286\nOrder Date: 30-Dec-2018\nGEOR184343","3":"","4":"","5":"","6":"","7":"","8":"Portal\nTEKKITAKE\nPayment Mode\nPREPAID","9":"","10":"","11":""},{"0":"Bill To:\nAniruddh Chandratre\nannapurna building,\nanushaktinagar,16 C\nmumbai-400094 Maharashtra (27)\n,India\nT: 91672 61320","1":"","2":"Ship To:\nAniruddh Chandratre\nannapurna building, anushaktinagar,16 C\nmumbai-400094 Maharashtra (27)\n,India\nT: 91672 61320","3":"","4":"","5":"","6":"","7":"","8":"Dispatch Through\nFedEx Express\nAWB No\n784718509530\n784718509530","9":"","10":"","11":""},{"0":"SI\nNo.","1":"Descriptions of Goods","2":"","3":"Part No.","4":"","5":"Qty","6":"MRP","7":"Rate","8":"","9":"Taxable\nValue\n(INR)","10":"IGST\n(INR)","11":"Amount\n(INR)"},{"0":"1","1":"Spigen Rugged Armor Case for\nOnePlus 5T Black K05CS22712\n(Spigen OnePlus 5T OP5T Case\nRugged Armor - Black)","2":"","3":"SPRA_ONEPLUS5T_BK\nHSN code: 39269099\nSeller Sku Code: K05CS22712","4":"","5":"1","6":"1399.00","7":"677.12","8":"","9":"677.12","10":"121.88\n(18.0) %","11":"799.0"},{"0":"","1":"","2":"","3":"","4":"","5":"","6":"","7":"","8":"","9":"","10":"","11":""},{"0":"","1":"Total:","2":"","3":"","4":"","5":"1","6":"","7":"","8":"","9":"677.12","10":"121.88","11":"799.0"},{"0":"Amount Chargeable (in words)\nE. & O.E\nINR Seven Hundred and Ninety Nine Rupees and\nZero Paise Only\nTax is payable on reverse charge basis: No","1":"","2":"","3":"","4":"","5":"","6":"","7":"","8":"","9":"","10":"","11":""},{"0":"Declaration\n1. We declare that this invoice shows the actual price of the\ngoods described and that all particulars are true and\ncorrect. 2. All Disputes are subject to Karnataka (29)\njurisdiction only.","1":"","2":"","3":"","4":"For GEORGIAN ENTERPRISES PRIVATE LIMITED\nAuthorised Signatory","5":"","6":"","7":"","8":"","9":"","10":"","11":""}]