[{"0":"S.No.","1":"Subject","2":"Class","3":"Total No. Of\nClasses\nConducted","4":"Total No. Of\nClasses\nAttended","5":"Percentage (%)"},{"0":"1","1":"COMPUTER\nCOMMUNICATION\nNETWORKS","2":"COMPUTER\nCOMMUNICATION\nNETWORKS T1 DIV C","3":"31","4":"30","5":"98.00"},{"0":"2","1":"COMPUTER\nCOMMUNICATION\nNETWORKS","2":"COMPUTER\nCOMMUNICATION\nNETWORKS P1 C1","3":"19","4":"19","5":""},{"0":"3","1":"MICROCONTROLLERS\nAND EMBEDDED\nSYSTEMS","2":"MICRO. & EMBEDDED\nSYST. T1 DIV C","3":"29","4":"29","5":"86.96"},{"0":"4","1":"MICROCONTROLLERS\nAND EMBEDDED\nSYSTEMS","2":"MICRO. & EMBEDDED\nSYST. P1 -C1","3":"17","4":"11","5":""},{"0":"5","1":"INDUSTRIAL\nECONOMICS AND\nMANAGEMENT","2":"INDUSTRIAL\nECONOMICS & MGT T1\nDIV C","3":"26","4":"21","5":"80.77"},{"0":"6","1":"RF CIRCUIT DESIGN","2":"RF CIRCUIT DESIGN T1\nDIV C","3":"30","4":"26","5":"92.31"},{"0":"7","1":"RF CIRCUIT DESIGN","2":"RF CIRCUIT DESIGN\nP1-C1","3":"22","4":"22","5":""},{"0":"8","1":"MINOR PROJECT","2":"MINOR PROJECT P1-C1","3":"38","4":"36","5":"94.74"},{"0":"9","1":"BUSINESS\nVISUALIZATION","2":"BUSINESS\nVISUALIZATION T1-C1","3":"23","4":"21","5":"91.30"},{"0":"10","1":"DIGITAL TELEVISION\nSYSTEMS","2":"DIGITAL TELEVISION\nSYSTEMS T1 DIV C","3":"25","4":"19","5":"81.40"},{"0":"11","1":"DIGITAL TELEVISION\nSYSTEMS","2":"DIGITAL TELEVISION\nSYSTEMS P1-C1","3":"18","4":"16","5":""},{"0":"12","1":"DIGITAL\nCOMMUNICATION","2":"DIGITAL\nCOMMUNICATION T1\nDIV C","3":"26","4":"21","5":"88.64"},{"0":"13","1":"DIGITAL\nCOMMUNICATION","2":"DIGITAL\nCOMMUNICATION\nP1-C1","3":"18","4":"18","5":""}]