[{"0":"Sl.\nNo","1":"\u2014_\nPoseales","2":"Unit\nPrice","3":"","4":"Net\nGt Armount Rate","5":"Tax","6":"|Tax\n|Type","7":"|Tax\n|Amount |Amount","8":"Total"},{"0":"4","1":"|Sennheiser CX 180 StreetII In-Ear Headphone(Black)|\nBOOD75AB6I ( BOOD75AB6I)\nHSN:8518","2":"7504.92]","3":"1","4":"%504.92]","5":"9%\n9%","6":"|CGST|\n|SGST|","7":"353.54\n353.54","8":"t702.00"},{"0":"TOTAL:","1":"","2":"","3":"","4":"","5":"","6":"","7":"%107.08]","8":"~702.00"},{"0":"A\nmountin Words:\nSeven Hundred And Twoonly","1":"","2":"","3":"","4":"","5":"","6":"","7":"","8":""},{"0":"For Appario Retail Private Ltd:\nop\n\u00a5oe\n \nAuthorized Signatory","1":"","2":"","3":"","4":"","5":"","6":"","7":"","8":""}]