[{"0":"o\nl.\nNo","1":"Description","2":"Unit\nPrice","3":"","4":"Net\nAmount |Rate","5":"Tax","6":"|Tax\n|Type","7":"\/Tax\n|Amount |Amount","8":"Total"},{"0":"1\n,","1":"|sennheiser CX 180 Street\nIl In-Ear Headphone (Black) |\nBOOD75AB6I! ( BOOD75AB6I)\nHSN:8518","2":"%594.92|","3":"1","4":"|%504.92|","5":"9%\n9%","6":"|CGST|\n|SGST|","7":"%53.54\n353.54","8":"7702.00"},{"0":"A\n \nTOTAL:\nmount in Words:\nseven Hundred And Two only","1":"","2":"","3":"","4":"","5":"","6":"","7":"4107.08]","8":"%702.00"},{"0":"","1":"","2":"","3":"","4":"","5":"","6":"","7":"","8":""},{"0":"For Appario Retail Private Ltd:\nos\nAuthorized Signatory","1":"","2":"","3":"","4":"","5":"","6":"","7":"","8":"Of"}]