[{"0":"","1":"","2":"","3":"","4":"","5":"","6":"","7":"","8":"","9":"","10":""},{"0":"","1":"GSCicedmvotces\nInvoice\nFrom:\nInvoice #\nINV-0048\nDemo Site\nOrder Number\n12345\nSuite 5A-1204\n123 SomewhereStreet\nInvoice Date\n23 February, 2016\nYour City AZ 12345\nDue Date\n29 February, 2016\ninfo@slicedinvoices.com\nTo:\nTest Business\n123 Somewhere St\nTest Suburb, VIC 3000\nABN: 123 123 123\nhttp:\/\/test.com\ntest@test.com\nLorem ipsum dolor sit amet, consectetur adipiscing elit, sed do eiusmod tempor incididunt ut labore et dolore magna aliqua. Ut enim ad minim veniam, quis\nnostrud exercitation ullamco laboris nisi ut aliquip ex ea commodo consequat. Duis aute irure dolor in reprehenderit in voluptate velit esse cillum dolore eu\nfugiot nulla pariatur.\nExcepteur sint occaecat cupidatat non proident, sunt in culpa qui officia deserunt mollit anim id est laborum.\nSub Total\n$384.25\nTax\n$31.70\nTotal\n$415.95","2":"","3":"","4":"","5":"","6":"","7":"","8":"","9":"","10":""},{"0":"","1":"","2":"","3":"","4":"","5":"Total Due\n$415.95","6":"","7":"","8":"","9":"","10":""},{"0":"","1":"","2":"","3":"","4":"","5":"","6":"","7":"","8":"","9":"","10":""},{"0":"","1":"","2":"Hrs\/Qty","3":"Service","4":"Rate\/Price","5":"","6":"","7":"Discount","8":"Sub Total","9":"","10":""},{"0":"","1":"","2":"1.00\n3.50","3":"Web Design\nLOrem Ipsum Goto?\nSil ame. CONMSectetul\nadinirse Iris\nelit,\nsed do elusmod\ntempor inadigunt ut\ntabore et dorore Maeda\nWeb Development\nLoremipsum dolor sit amet, consectetur adipiscing elit, sed do elusmod\ntempor\nincididunt\nut\nlabore et dolore magna aliqua. Ut enim\nad minim\nveniam","4":"$85.00\n$95.00","5":"","6":"","7":"0.00%:\n\u201c10.00%","8":"$85.00\n$299.25","9":"","10":""},{"0":"","1":"","2":"","3":"","4":"","5":"","6":"","7":"","8":"","9":"","10":""},{"0":"","1":"Payment by Check:\nPlease make check payable to:\nSliced Invoices\n123 Somewhere St\nSomewhereville\nBank Payment:\nAny text you like, even HTML. Style with CSS.\nBank: ANZ Australia\nAccount #: 4444 5555 6666\nBSB #: 333 34567\nSWIFT: 1234 1234\nThanks for choosing Sliced Invoices\n|\ninfo@slicedinvoices.com","2":"","3":"","4":"","5":"","6":"","7":"","8":"","9":"","10":""},{"0":"","1":"","2":"","3":"","4":"","5":"","6":"","7":"","8":"","9":"","10":""}]