[{"0":"Bt [Description","1":"","2":"Unit\nPrice","3":"","4":"at\nay Amount|Rate","5":"ax","6":"","7":"ifax\n|Type","8":"j|Tax\n|AmountjAmount","9":"Total"},{"0":"1\n|","1":"|Sennheiser CX 180 Street I In-Ear Headphone (Black) |\nBOOD#75AB6I{ BOOD#5AB6) )\nHSN:8518","2":"4594.92]\n|\n|","3":"1","4":"|%504.92]","5":"9%\n9%","6":"","7":"[CGST]\n|SGST]","8":"353.54\n \n253.54\n|","9":"3702.00"},{"0":"TOTAL:\nAmount in Words:\nSeven Hundred And Two onl","1":"2107.08]%702.00","2":"","3":"","4":"","5":"","6":"","7":"","8":"","9":""},{"0":"","1":"","2":"","3":"","4":"","5":"","6":"","7":"","8":"","9":""},{"0":"","1":"","2":"","3":"","4":"","5":"For Appario Retail Private Lid:\n \n_Zpvere","6":"","7":"","8":"","9":""},{"0":"","1":"","2":"","3":"","4":"","5":"Authorized Signatory","6":"","7":"","8":"","9":""}]