[{"0":"RASOT","1":""},{"0":"The Restaurant","1":""},{"0":"Shop","1":""},{"0":"No.21,Sector Market","1":""},{"0":"Opp .Badrinath\nBldg","1":""},{"0":"BARC Colony,Anushakti","1":""},{"0":"Nagar","1":""},{"0":"Mumbai\n400094","1":""},{"0":"Ph: 25575501 , 25568016","1":""},{"0":"Ph :25559462 , 25559514","1":""},{"0":"TAX\n~-----------","1":""},{"0":"INVOICE","1":""},{"0":"-------------","1":""},{"0":"Pr","1":""},{"0":"Date:\n02\/02\/19\nbiti\nWO.\n: j","1":""},{"0":"Boy:\nCOUNTER","1":""},{"0":"Particulars\nGty\nRate\nAiuuiil","1":""},{"0":"160\nrer od","1":""},{"0":"RICE\nFRIED\nEGG","1":""},{"0":"Sub\nTotal\n:\n160.00","1":""},{"0":"SGST\n@2.54\n:\n4.00","1":""},{"0":"CGST\n@2.5h\n:\n4.00","1":""},{"0":"168","1":""},{"0":"Total","1":""},{"0":"1\/1","1":""},{"0":"\u2014\nmam ER eM aw eee eS ee ae ws aS a ee","1":""},{"0":"es\na\n\u2014\nSe","1":""},{"0":"ee\nenw a ae\naa a aa\n\u2014_\u2014__ai","1":""},{"0":"PM)\n(01:31","1":""},{"0":"NO-27AJIPK3118J1Z6\nGST","1":""},{"0":"","1":":"},{"0":"Again\nVisit","1":""},{"0":"You\nThank","1":""},{"0":"E,&0.E.","1":""},{"0":"per","1":"kg"},{"0":"RS-15\nat","1":""},{"0":"containers\nour","1":""},{"0":"back\nbuy","1":""},{"0":"we","1":""},{"0":"4659\nCode:","1":""},{"0":"Name:\n.","1":""},{"0":"ANNAPURNA\nC\n16\n:\nAdd","1":""},{"0":"DELIVERY\nHOME","1":""}]