[{"0":"Date: 12\/31\/2010\n|\nInvoice #\nBirdSquare Wedding Photography\n \nP.O. Box 668061\n-\nCharlotte, NC 28266\nride & Groom\n) Dare Tine\nCe\nTim\nDate\n  Wedding.\nCeremony\n \nWeeding Ceremony Location\nMir. & Nirs. John Doe Ar 2? Hrs.\nCortiatee\nWeddine Reception Location\n1234 North Main Street\nCharlotte, NC 28202\n \nbax\nau\n \nPane","1":"","2":"","3":"","4":"","5":"ediding","6":"","7":"","8":"","9":"","10":"","11":"","12":""},{"0":"","1":"","2":"","3":"","4":"","5":"","6":"","7":"","8":"","9":"","10":"","11":"","12":""},{"0":"","1":"","2":"","3":"With:\nWedaing Photography Contract","4":"","5":"","6":"","7":"","8":"","9":"","10":"","11":"","12":""},{"0":"","1":"","2":"","3":"","4":"","5":"","6":"","7":"","8":"","9":"","10":"","11":"","12":""},{"0":"","1":"","2":"","3":"","4":"","5":"","6":"","7":"$0.00\nTotal ofAll Deposits Paid:","8":"","9":"","10":"","11":"","12":""},{"0":"","1":"","2":"","3":"","4":"","5":"","6":"","7":"","8":"","9":"","10":"","11":"","12":""},{"0":"","1":"Qty.","2":"","3":"","4":"Description\n|","5":"","6":"","7":"","8":"","9":"","10":"Price","11":"Amount","12":""},{"0":"","1":"1","2":"","3":"","4":"Wedding Day Photography Package \"B\" Includes the following:\n* Two Hours Photographic Coverage Time and Service.\n(Start time: 1:00 pm at Church \/ Ending 3:00 pm)\n* Unlimited Number of Proofs \/ Images.\n* Two sets of Image CDs with High Resolution Images.\n* Rights \/ Privileges to use orprint all Images.\n\" On-Line Viewing & Ordering\nwoe nnnnanan===\nPayment Schedule\n--------------------\n> 1st\nDeposit of $300 to secure above wedding date & time.\n> 2nd Deposit of atleast $000 tobe paidby\n \/\n\/\n \n> 3rd\nDeposit of atleast $000tobepaidby\n \/\n\/","5":"","6":"","7":"","8":"","9":"","10":"$795.00","11":"$795.00}","12":""},{"0":"","1":"","2":"","3":"","4":"","5":"","6":"","7":"","8":"","9":"","10":"","11":"|","12":""},{"0":"","1":"","2":"","3":"","4":"","5":"","6":"","7":"","8":"","9":"","10":"","11":"","12":""},{"0":"","1":"","2":"","3":"","4":"","5":"","6":"","7":"","8":"","9":"","10":"Subtotal:\n$795.00","11":"","12":""},{"0":"","1":"","2":"","3":"","4":"","5":"","6":"","7":"","8":"","9":"","10":"","11":"","12":""},{"0":"","1":"","2":"","3":"","4":"","5":"","6":"","7":"","8":"","9":"","10":"","11":"","12":""},{"0":"Contractee:\n| have read & agree to all terms & canditions of\nthis\ncontract.\n| assent all names, dates, times and. locations are accurate\nand are spelled correctly.\n|\nunderstand\n| am responsibie tor any\nInaccurate information contained in this contract,\nFor artistic and other purposes, some images may be cropped or altered. \u201cThe studio\u201d makes no guarantee all images shot or requested\nwill be detiv erad\nBreach or cancellation of\nthis contract vall\nresult\nin the forleiture\nof\nall deposits paid to \u2018the studio\u2019.\nShould \u201cthe studio\" fail\nto dallver any ordered services or merchandise, In any event, Ihe studios\u00ae total\nllability.\nIslimited anly\nto the\nproportional amount pald to \u201cthe studio\u201d for said merchandise and\/or services.\nlf\nthere are any changes or corrections to this wedding photoaraphy\ncontract inlormalion, contact \u201cthe studio\u201d immediately |\nAdditional photography service time may or may not be available on the wedding date above.\nDiscuss this wih the photographer as\nearly\nas possible.\nCharges would apply.\nA late starting time does not mean a later ending time!\nAdditional time wil be billed @ $75 per half\nhour.\n||\nno additional coverage time is requested, the photographer will leave al ihe ending\nlime listed above.\nNo images or products will be defivered until overtime ts paid.\n\u201cThe studie\" reserves the sight to sell, use or publish for any purpese, any\nor all images.\nPayment of a deposit to reserve a Wedding Date & Time constitutes acceptance of\nthis contract by\nthe contractes listed above.\nNo ref und of\ndeposit will be made after five days following contractee being contacted by the selected \/\nassignd photographer.\nOnce a photographer has been selected & has contacted contractee,\nthis contrac! can be cancelled within five day\nand afull refund of\ndeposit will be made or another photegrapher can be assigned al contractee\u2019s option,\ntems in Wedding Packages can not be substituted or swapped.\nPackages can be added io. from our A-La-Carte menue.","1":"","2":"","3":"","4":"","5":"","6":"","7":"","8":"","9":"","10":", \nTax:\n$53.66\n \nTotal:\n$848.66\nAmount Paid:\n$0.00\n \n$8A866\nBalance:","11":"","12":""}]