[{"0":"Sl.\nNo","1":"Description","2":"Unit\nPrice","3":"Qty","4":"Net\nAmount","5":"Tax\nRate","6":"Tax\nType","7":"Tax\nAmount","8":"Total\nAmount"},{"0":"1","1":"Sennheiser CX 180 Street II In-Ear Headphone (Black) |\nB00D75AB6I ( B00D75AB6I ) \nHSN:8518","2":"\u20b9594.92","3":"1","4":"\u20b9594.92","5":"9%\n9%","6":"CGST\nSGST","7":"\u20b953.54\n\u20b953.54","8":"\u20b9702.00"},{"0":"TOTAL:","1":"","2":"","3":"","4":"","5":"","6":"","7":"\u20b9107.08","8":"\u20b9702.00"},{"0":"Amount in Words:\nSeven Hundred And Two only","1":"","2":"","3":"","4":"","5":"","6":"","7":"","8":""},{"0":"For Appario Retail Private Ltd:\nAuthorized Signatory","1":"","2":"","3":"","4":"","5":"","6":"","7":"","8":""}]