[{"0":"Sr. No","1":"Type","2":"Name","3":"Gender","4":"Age"},{"0":"1","1":"Mentor","2":"Dr. Pravin Srinath","3":"Male","4":"43"},{"0":"2","1":"Mentor","2":"Dr. Prachi Natu","3":"Female","4":"36"},{"0":"3","1":"Team Leader","2":"Aniruddh Chandratre","3":"Male","4":"20"},{"0":"4","1":"Team Member","2":"Avi Seth","3":"Male","4":"21"},{"0":"5","1":"Team Member","2":"Aditya Chakraborti","3":"Male","4":"20"},{"0":"6","1":"Team Member","2":"Katyani Singh","3":"Female","4":"21"},{"0":"7","1":"Team Member","2":"Hasnain Roopawalla","3":"Male","4":"20"},{"0":"8","1":"Team Member","2":"Kaushik Vakadkar","3":"Male","4":"21"}]