[{"0":"Qty.","1":"","2":"Description","3":"Price","4":"Amount"},{"0":"","1":"1","2":"Wedding Day Photography Package \"B\" Includes the following:\n* Two Hours Photographic Coverage Time and Service.\n(Start time: 1:00 pm at Church \/ Ending 3:00 pm)\n* Unlimited Number of Proofs \/ Images.\n* Two sets of Image CDs with High Resolution Images.\n* Rights \/ Privileges to useor print all Images.\n* On-Line Viewing & Ordering\n \nseeeeens------------\nPayment Schedule\n> 1st\nDeposit of $300 to secure above esdate & time.\n> 2nd Deposit of at least $000 to be paid by\n\/\n> 3rd\nDeposit of at least $000 to be paid by\n\/","3":"$795.00","4":"$795.00"},{"0":"","1":"","2":"","3":"","4":"N"},{"0":"","1":"Contractee:\nand are spelled correctly.\nFor artistic and other purposes, some images may be cropped or altered. \u201cThe studio\u201d makes no guarantee all images shot or requested\nwill be deliv ered\nBreachor cancellation of\nShould \u201cthe studio\u201d fail to deliver any ordered services or merchandise, in any event,Whe studios\u201d total\nproportional amount paid to \"the studio\u201d for said merchandise and\/or services,\nIf\nthere are any changes or corrections to this wedding photegraphy\nAdditional photography sarvice time may ormay not be available on the wedding date above.\nearly\nas possible,\nAdditional time will be billed @ $75 per half\ntime listed above.\n\u201cThe Studie\" resery es the sight Io sell, use or publish for any purpese, any\nPayment of\nNo refund of\nOnce a photographer has been selected & has contacted contractee,\ndepasit will be made or another photographer can be assigned at contractee\u2019s option.\ntems in Wedding Packages can not be substituted or swapped.","2":"| have read & agree to all terms & conditions of\nthis\ncontract.\n| assen all names, dates. times and.locations are accurate\n|\nunderstand'| am rasponsibie tor any\ninaccurate information contained in this contract.\nthis\ncontractwill result\nin the forfeiture of\nall deposits paid to \u201cthe studio\u2019.\nliability.\nIs. limited only\nto the\ncontract Information, contact \u201cthe studio\" Immediately |\nDiscuss this with the photographer as\nCharges would apply.\nA late starting time does not mean a later ending timel\nhour.\nIf\nno additional cov erage time is requested, the photographerwill leave af ihe ending\nNo images or products will be delivered until overtime ts paid.\nor all images.\na deposit to reserve a Wedding Date: & Time constitutes acceptance of\nthis. contract by\nthe contractes listed above.\ndeposit will be made after five days following contractee being contacted by the selected \/\nassignd photographer,\nthis contract can be cancelled within five day\nand afull refund of\nPackages can be added to from our A-La-Carte menue.","3":"Subtotal;\n$795.00\nTax:\n$53.66\n \nTotal:\n$848.66\nAmount Paid:\n$0.00\n \n$8438.66\nBalance:","4":""}]