[{"0":"","1":"","2":"Tax Invoice","3":"","4":""},{"0":"Sold By: Orbit Electrodomestic india pvt. ltd ,","1":"","2":"","3":"","4":""},{"0":"","1":"","2":"","3":"","4":"Invoice Number # FAAAIP1900000694"},{"0":"","1":"Ship-from Address: Blocks B6 & B8 Acorn Logistics and Industrial Complex, located at Dive Anjur Village,, Opp Dive Petrol pump, NH-3,","2":"","3":"","4":""},{"0":"","1":"Mumbai - Nashik Highway Bhiwandi (Dist.), Mumbai , Maharashtra, INDIA - 421302, IN-MH","2":"","3":"","4":""},{"0":"GSTIN - 27AAACO7861Q1ZO","1":"","2":"","3":"","4":""},{"0":"Order ID: OD114353532441326000","1":"Bill To","2":"","3":"Ship To","4":""},{"0":"","1":"Yusuf Roopawalla","2":"","3":"Yusuf Roopawalla","4":""},{"0":"Order Date:\n 05-01-2019","1":"","2":"","3":"","4":""},{"0":"","1":"401, Samartha Krupa. Near Axis","2":"","3":"401, Samartha Krupa. Near Axis","4":"*Keep this invoice and"},{"0":"Invoice Date:\n 05-01-2019","1":"Bank, Lokhandwala Complex,","2":"","3":"Bank, Lokhandwala Complex,","4":"manufacturer box for"},{"0":"","1":"Andheri(W), Mumbai 400053","2":"","3":"Andheri(W), Mumbai 400053","4":"warranty purposes."},{"0":"PAN:\n AAACO7861Q","1":"","2":"","3":"","4":""},{"0":"","1":"Maharashtra","2":"","3":"Maharashtra","4":""},{"0":"","1":"Phone: 9920178383","2":"","3":"Phone: 9920178383","4":""},{"0":"Total items: 1","1":"","2":"","3":"","4":""}]