[{"0":"","1":"Andheri(W), Mumbai 400053","2":"","3":"Andheri(W), Mumbai 400053","4":"","5":"warranty purposes.","6":""},{"0":"PAN:\n AAACO7861Q","1":"","2":"","3":"","4":"","5":"","6":""},{"0":"","1":"Maharashtra","2":"Maharashtra","3":"","4":"","5":"","6":""},{"0":"","1":"Phone: 9920178383","2":"Phone: 9920178383","3":"","4":"","5":"","6":""},{"0":"Total items: 1","1":"","2":"","3":"","4":"","5":"","6":""},{"0":"Product","1":"Title\nQty","2":"Gross\nDiscount","3":"Taxable","4":"CGST","5":"SGST","6":"Total"},{"0":"","1":"","2":"Amount","3":"Value","4":"","5":"\/UTGST","6":""},{"0":"Coffee makers","1":"1\nOrbit EM-2410 4 cups","2":"2199.00\n0.00","3":"1863.56","4":"167.72","5":"167.72","6":"2199.00"},{"0":"FSN:","1":"Coffee Maker","2":"","3":"","4":"","5":"","6":""},{"0":"CMKEGP343P8ETV3C","1":"Warranty: 1 Year Repair Warranty","2":"","3":"","4":"","5":"","6":""},{"0":"HSN\/SAC: 85167100","1":"CGST:\n 9.000 %","2":"","3":"","4":"","5":"","6":""},{"0":"","1":"SGST\/UTGST:\n 9.000 %","2":"","3":"","4":"","5":"","6":""}]